,mode,price,catch,pbeach,ppier,pboat,pcharter,cbeach,cpier,cboat,ccharter,income,log_income,pdif
0,charter,182.93,0.5391,157.93,157.93,157.93,182.93,0.0678,0.0503,0.2601,0.5391,7083.3317,8.86549965509619,25.0
1,charter,34.534,0.4671,15.114,15.114,10.534,34.534,0.1049,0.0451,0.1574,0.4671,1249.9998,7.130898670296334,19.419999999999998
5,charter,63.934,0.3975,192.474,192.474,28.934,63.934,0.5333,0.4522,0.1665,0.3975,4583.332,8.430181523517474,128.54
7,charter,56.714,0.0209,15.134,15.134,21.714,56.714,0.0678,0.0789,0.0102,0.0209,2083.3332,7.641724390062335,41.58
20,charter,53.522,0.0058,345.744,345.744,18.522,53.522,0.5333,0.4522,0.0156,0.0058,7916.6663,8.976725474478886,292.22200000000004
21,charter,44.322,0.0046,88.06200000000001,88.06200000000001,20.322,44.322,0.1049,0.0451,0.0023,0.0046,8750.001,9.076809093637367,43.74000000000001
23,charter,43.734,0.3087,28.314,28.314,19.734,43.734,0.1049,0.0079,0.0613,0.3087,2916.6666,7.978196667826407,15.420000000000002
24,charter,69.32,0.6456,33.462,33.462,34.32,69.32,0.0678,0.0789,0.0559,0.6456,2916.6666,7.978196667826407,35.85799999999999
28,charter,45.534,0.0058,70.074,70.074,10.534,45.534,0.5333,0.4522,0.0156,0.0058,1249.9998,7.130898670296334,24.54
29,charter,54.734,0.0058,131.274,131.274,19.734,54.734,0.5333,0.4522,0.0156,0.0058,2916.6666,7.978196667826407,76.53999999999999
30,charter,43.734,0.0046,28.314,28.314,19.734,43.734,0.1049,0.0451,0.0023,0.0046,2916.6666,7.978196667826407,15.420000000000002
31,charter,35.322,0.3087,49.062,49.062,11.322,35.322,0.1049,0.0079,0.0613,0.3087,4583.332,8.430181523517474,13.739999999999995
35,charter,42.722,0.4216,144.144,144.144,7.722,42.722,0.5333,0.0069,0.0361,0.4216,2916.6666,7.978196667826407,101.422
38,charter,60.004,0.0058,115.808,115.808,25.004,60.004,0.5333,0.4522,0.0156,0.0058,2083.3332,7.641724390062335,55.80400000000001
41,charter,89.912,1.0905,10.296,10.296,54.912,89.912,0.0678,0.0789,0.0897,1.0905,2916.6666,7.978196667826407,79.61600000000001
43,charter,211.208,2.3101,59.248000000000005,59.248000000000005,186.208,211.208,0.2537,0.1498,0.7369,2.3101,3749.9999,8.22951109229779,151.95999999999998
44,charter,50.096,1.0266,231.472,231.472,15.095999999999998,50.096,0.5333,0.4522,0.2413,1.0266,4583.332,8.430181523517474,181.376
46,charter,57.29600000000001,1.0266,341.872,341.872,22.296,57.29600000000001,0.5333,0.4522,0.2413,1.0266,7083.3317,8.86549965509619,284.576
47,charter,52.404,1.0266,80.608,80.608,17.404,52.404,0.5333,0.4522,0.2413,1.0266,1249.9998,7.130898670296334,28.204
50,charter,44.522,0.0058,177.74400000000003,177.74400000000003,9.522,44.522,0.5333,0.4522,0.0156,0.0058,3749.9999,8.22951109229779,133.22200000000004
54,charter,52.934,0.3087,41.514,41.514,28.934,52.934,0.1049,0.0079,0.0613,0.3087,4583.332,8.430181523517474,11.419999999999995
55,charter,39.134,0.0046,21.714,21.714,15.134,39.134,0.1049,0.0451,0.0023,0.0046,2083.3332,7.641724390062335,17.42
56,charter,42.722,0.0058,144.144,144.144,7.722,42.722,0.5333,0.4522,0.0156,0.0058,2916.6666,7.978196667826407,101.422
59,charter,42.722,1.0266,144.144,144.144,7.722,42.722,0.5333,0.4522,0.2413,1.0266,2916.6666,7.978196667826407,101.422
62,charter,44.522,0.4216,177.74400000000003,177.74400000000003,9.522,44.522,0.5333,0.0069,0.0361,0.4216,3749.9999,8.22951109229779,133.22200000000004
65,charter,39.122,1.0266,76.944,76.944,4.122,39.122,0.5333,0.4522,0.2413,1.0266,1249.9998,7.130898670296334,37.822
67,charter,44.522,0.3975,177.74400000000003,177.74400000000003,9.522,44.522,0.5333,0.4522,0.1665,0.3975,3749.9999,8.22951109229779,133.22200000000004
71,charter,60.662,0.0209,5.922000000000001,5.922000000000001,25.662,60.662,0.0678,0.0789,0.0102,0.0209,2083.3332,7.641724390062335,54.739999999999995
72,charter,53.522,0.3975,345.744,345.744,18.522,53.522,0.5333,0.4522,0.1665,0.3975,7916.6663,8.976725474478886,292.22200000000004
78,charter,42.722,0.4216,144.144,144.144,7.722,42.722,0.5333,0.0069,0.0361,0.4216,2916.6666,7.978196667826407,101.422
80,charter,39.122,0.0058,76.944,76.944,4.122,39.122,0.5333,0.4522,0.0156,0.0058,1249.9998,7.130898670296334,37.822
84,charter,51.962,0.2773,33.462,33.462,33.462,51.962,0.2537,0.0014,0.0626,0.2773,2916.6666,7.978196667826407,18.5
86,charter,89.714,0.6456,38.134,38.134,54.714,89.714,0.0678,0.0789,0.0559,0.6456,6250.0013,8.740336950730425,51.58
90,charter,59.334,0.0058,161.874,161.874,24.334,59.334,0.5333,0.4522,0.0156,0.0058,3749.9999,8.22951109229779,102.53999999999999
91,charter,57.534,0.4671,48.114,48.114,33.534,57.534,0.1049,0.0451,0.1574,0.4671,5416.6667,8.59723590524362,9.420000000000002
93,charter,109.32,0.0209,72.462,72.462,74.32,109.32,0.0678,0.0789,0.0102,0.0209,7083.3317,8.86549965509619,36.85799999999999
95,charter,93.32,0.0209,56.862,56.862,58.32,93.32,0.0678,0.0789,0.0102,0.0209,5416.6667,8.59723590524362,36.45799999999999
97,charter,79.24,0.1726,210.566,210.566,49.74,79.24,0.0678,0.0052,0.0732,0.1726,6250.0013,8.740336950730425,131.32600000000002
102,charter,60.74,0.2377,55.77,55.77,25.74,60.74,0.0678,0.0025,0.0108,0.2377,2916.6666,7.978196667826407,4.969999999999999
103,charter,54.74,0.6456,42.77,42.77,19.74,54.74,0.0678,0.0789,0.0559,0.6456,2083.3332,7.641724390062335,11.969999999999999
104,charter,91.24,0.1726,261.366,261.366,61.74,91.24,0.0678,0.0052,0.0732,0.1726,7916.6663,8.976725474478886,170.12599999999998
105,charter,181.77,0.3975,268.702,268.702,146.77,181.77,0.5333,0.4522,0.1665,0.3975,8750.001,9.076809093637367,86.93199999999999
106,charter,246.102,2.3014,55.74,55.74,221.102,246.102,0.2537,0.1498,0.6817,2.3014,7083.3317,8.86549965509619,190.362
107,charter,67.24,0.1726,159.766,159.766,37.74,67.24,0.0678,0.0052,0.0732,0.1726,4583.332,8.430181523517474,92.526
111,charter,61.32,0.2377,25.662,25.662,26.32,61.32,0.0678,0.0025,0.0108,0.2377,2083.3332,7.641724390062335,35.658
112,charter,47.82,0.1726,46.258,46.258,18.32,47.82,0.0678,0.0052,0.0732,0.1726,1249.9998,7.130898670296334,1.5619999999999976
114,charter,101.32,0.6456,64.66199999999999,64.66199999999999,66.32,101.32,0.0678,0.0789,0.0559,0.6456,6250.0013,8.740336950730425,36.658
115,charter,65.262,0.4671,42.32,42.32,41.262,65.262,0.1049,0.0451,0.1574,0.4671,3749.9999,8.22951109229779,22.942
117,charter,108.002,0.0209,77.234,77.234,73.002,108.002,0.0678,0.0789,0.0102,0.0209,3749.9999,8.22951109229779,30.768
118,charter,97.634,1.0266,150.15,150.15,62.63399999999999,97.634,0.5333,0.4522,0.2413,1.0266,2916.6666,7.978196667826407,52.516000000000005
119,charter,296.552,0.0041,135.634,135.634,267.552,296.552,0.0678,0.0789,0.1643,0.0041,7083.3317,8.86549965509619,160.91800000000003
122,charter,60.74,1.0905,55.77,55.77,25.74,60.74,0.0678,0.0789,0.0897,1.0905,2916.6666,7.978196667826407,4.969999999999999
125,charter,102.74,0.0209,146.77,146.77,67.74,102.74,0.0678,0.0789,0.0102,0.0209,8750.001,9.076809093637367,44.030000000000015
127,charter,61.24,0.1726,134.366,134.366,31.74,61.24,0.0678,0.0052,0.0732,0.1726,3749.9999,8.22951109229779,73.126
131,charter,84.74,0.6456,107.77,107.77,49.74,84.74,0.0678,0.0789,0.0559,0.6456,6250.0013,8.740336950730425,23.03
136,charter,66.74,0.2377,68.77,68.77,31.74,66.74,0.0678,0.0025,0.0108,0.2377,3749.9999,8.22951109229779,2.030000000000001
137,charter,66.74,0.6456,68.77,68.77,31.74,66.74,0.0678,0.0789,0.0559,0.6456,3749.9999,8.22951109229779,2.030000000000001
138,charter,52.862,0.4216,67.78399999999999,67.78399999999999,17.862000000000002,52.862,0.5333,0.0069,0.0361,0.4216,1249.9998,7.130898670296334,14.92199999999999
139,charter,84.06200000000001,1.0266,186.18400000000003,186.18400000000003,49.062,84.06200000000001,0.5333,0.4522,0.2413,1.0266,4583.332,8.430181523517474,102.12200000000001
141,charter,45.062,0.3975,38.184,38.184,10.062,45.062,0.5333,0.4522,0.1665,0.3975,416.66668,6.0322865736282365,6.878
143,charter,85.32,0.2377,49.062,49.062,50.32,85.32,0.0678,0.0025,0.0108,0.2377,4583.332,8.430181523517474,36.257999999999996
145,charter,84.306,0.0046,85.698,85.698,60.306,84.306,0.1049,0.0451,0.0023,0.0046,3749.9999,8.22951109229779,1.391999999999996
146,charter,185.198,0.2773,166.69799999999998,166.69799999999998,166.69799999999998,185.198,0.2537,0.0014,0.0626,0.2773,7916.6663,8.976725474478886,18.50000000000003
147,charter,106.706,0.0058,252.858,252.858,71.706,106.706,0.5333,0.4522,0.0156,0.0058,4583.332,8.430181523517474,146.152
149,charter,95.306,0.0058,212.658,212.658,60.306,95.306,0.5333,0.4522,0.0156,0.0058,3749.9999,8.22951109229779,117.35199999999999
150,charter,95.306,0.0058,212.658,212.658,60.306,95.306,0.5333,0.4522,0.0156,0.0058,3749.9999,8.22951109229779,117.35199999999999
151,charter,61.106,0.0058,92.058,92.058,26.106,61.106,0.5333,0.4522,0.0156,0.0058,1249.9998,7.130898670296334,30.952000000000005
157,charter,73.572,0.0046,109.35,109.35,49.572,73.572,0.1049,0.0451,0.0023,0.0046,5416.6667,8.59723590524362,35.77799999999999
159,charter,70.972,1.0266,206.31,206.31,35.972,70.972,0.5333,0.4522,0.2413,1.0266,3749.9999,8.22951109229779,135.33800000000002
160,charter,77.77199999999999,1.0266,245.31,245.31,42.772,77.77199999999999,0.5333,0.4522,0.0051,1.0266,4583.332,8.430181523517474,167.538
161,charter,70.972,1.0266,206.31,206.31,35.972,70.972,0.5333,0.4522,0.2413,1.0266,3749.9999,8.22951109229779,135.33800000000002
162,charter,192.31,2.3014,64.35,64.35,167.31,192.31,0.2537,0.1498,0.6817,2.3014,2916.6666,7.978196667826407,127.96000000000001
164,charter,91.372,0.4216,323.31,323.31,56.372,91.372,0.5333,0.0069,0.0361,0.4216,6250.0013,8.740336950730425,231.938
169,charter,129.414,0.5391,104.414,104.414,104.414,129.414,0.0678,0.0503,0.2601,0.5391,4583.332,8.430181523517474,24.999999999999986
172,charter,87.9,0.0058,243.34,243.34,52.9,87.9,0.5333,0.4522,0.0156,0.0058,3749.9999,8.22951109229779,155.44
174,charter,70.972,0.4216,206.31,206.31,35.972,70.972,0.5333,0.0069,0.0361,0.4216,3749.9999,8.22951109229779,135.33800000000002
175,charter,99.35,1.0905,29.172,29.172,64.35,99.35,0.0678,0.0789,0.0897,1.0905,2916.6666,7.978196667826407,70.178
177,charter,114.35,0.6456,35.972,35.972,79.35,114.35,0.0678,0.0789,0.0559,0.6456,3749.9999,8.22951109229779,78.37799999999999
179,charter,93.85,0.324,71.214,71.214,64.35,93.85,0.0678,0.0503,0.1082,0.324,2916.6666,7.978196667826407,22.635999999999996
181,charter,67.604,1.0266,151.00799999999998,151.00799999999998,32.604,67.604,0.5333,0.4522,0.2413,1.0266,2916.6666,7.978196667826407,83.40399999999998
182,charter,75.204,1.0266,186.208,186.208,40.204,75.204,0.5333,0.4522,0.2413,1.0266,3749.9999,8.22951109229779,111.004
185,charter,72.506,1.0266,132.25799999999998,132.25799999999998,37.506,72.506,0.5333,0.4522,0.2413,1.0266,2083.3332,7.641724390062335,59.75199999999998
186,charter,106.706,0.4216,252.858,252.858,71.706,106.706,0.5333,0.0069,0.0361,0.4216,4583.332,8.430181523517474,146.152
189,charter,127.848,0.0209,63.004,63.004,92.848,127.848,0.0678,0.0789,0.0102,0.0209,6250.0013,8.740336950730425,64.844
190,charter,117.404,0.3087,137.648,137.648,93.404,117.404,0.1049,0.0079,0.0613,0.3087,9583.3357,9.167781004513879,20.244
191,charter,82.804,1.0266,221.408,221.408,47.804,82.804,0.5333,0.4522,0.0051,1.0266,4583.332,8.430181523517474,138.60399999999998
194,charter,50.114,0.0209,10.534,10.534,15.114,50.114,0.0678,0.0789,0.0102,0.0209,1249.9998,7.130898670296334,39.58
195,charter,70.972,1.0266,206.31,206.31,35.972,70.972,0.5333,0.4522,0.2413,1.0266,3749.9999,8.22951109229779,135.33800000000002
196,charter,106.706,0.3975,252.858,252.858,71.706,106.706,0.5333,0.4522,0.1665,0.3975,4583.332,8.430181523517474,146.152
198,charter,72.098,0.2377,26.106,26.106,37.098,72.098,0.0678,0.0025,0.0108,0.2377,1249.9998,7.130898670296334,45.992
199,charter,50.398,0.1176,22.704,22.704,20.898000000000003,50.398,0.0678,0.0503,0.0016,0.1176,416.66668,6.0322865736282365,27.694000000000003
202,charter,163.70600000000002,0.4216,453.858,453.858,128.70600000000002,163.70600000000002,0.5333,0.0069,0.0361,0.4216,8750.001,9.076809093637367,290.152
204,charter,72.506,1.0266,132.25799999999998,132.25799999999998,37.506,72.506,0.5333,0.4522,0.2413,1.0266,2083.3332,7.641724390062335,59.75199999999998
208,charter,141.64,0.0029,116.64,116.64,116.64,141.64,0.0678,0.0503,0.0276,0.0029,5416.6667,8.59723590524362,24.999999999999986
210,charter,52.404,1.0266,80.608,80.608,17.404,52.404,0.5333,0.4522,0.2413,1.0266,1249.9998,7.130898670296334,28.204
211,charter,387.208,2.3014,115.248,115.248,362.208,387.208,0.2537,0.1498,0.6817,2.3014,7916.6663,8.976725474478886,271.96000000000004
212,charter,98.004,0.0058,291.808,291.808,63.004,98.004,0.5333,0.4522,0.0156,0.0058,6250.0013,8.740336950730425,193.80399999999997
214,charter,61.64,0.2421,36.64,36.64,36.64,61.64,0.0678,0.0052,0.1491,0.2421,1249.9998,7.130898670296334,25.0
215,charter,40.934,1.0266,39.474,39.474,5.934,40.934,0.5333,0.4522,0.2413,1.0266,416.66668,6.0322865736282365,1.4600000000000009
217,charter,50.13399999999999,0.0058,100.674,100.674,15.134,50.13399999999999,0.5333,0.4522,0.0156,0.0058,2083.3332,7.641724390062335,50.54000000000001
218,charter,68.53399999999999,0.0058,223.074,223.074,33.534,68.53399999999999,0.5333,0.4522,0.0156,0.0058,5416.6667,8.59723590524362,154.54000000000002
219,charter,59.334,0.0058,161.874,161.874,24.334,59.334,0.5333,0.4522,0.0156,0.0058,3749.9999,8.22951109229779,102.53999999999999
220,charter,163.70600000000002,1.0266,453.858,453.858,128.70600000000002,163.70600000000002,0.5333,0.4522,0.2413,1.0266,8750.001,9.076809093637367,290.152
221,charter,106.706,0.0058,252.858,252.858,71.706,106.706,0.5333,0.4522,0.0156,0.0058,4583.332,8.430181523517474,146.152
223,charter,139.704,0.1648,71.706,71.706,110.704,139.704,0.0678,0.0789,0.0971,0.1648,4583.332,8.430181523517474,67.998
225,charter,79.404,0.4671,81.648,81.648,55.404,79.404,0.1049,0.0451,0.1574,0.4671,5416.6667,8.59723590524362,2.2439999999999998
227,charter,82.804,0.4216,221.408,221.408,47.804,82.804,0.5333,0.0069,0.0361,0.4216,4583.332,8.430181523517474,138.60399999999998
228,charter,50.114,0.0209,10.534,10.534,15.114,50.114,0.0678,0.0789,0.0102,0.0209,1249.9998,7.130898670296334,39.58
233,charter,42.986,0.1648,17.986,17.986,17.986,42.986,0.0678,0.0503,0.023,0.1648,3749.9999,8.22951109229779,24.999999999999996
234,charter,46.986,0.5391,17.986,17.986,17.986,46.986,0.0678,0.0789,0.1643,0.5391,3749.9999,8.22951109229779,28.999999999999996
245,charter,33.58,0.2421,8.58,8.58,8.58,33.58,0.0678,0.0052,0.1491,0.2421,2916.6666,7.978196667826407,25.0
246,charter,41.58,0.2421,56.61,56.61,12.58,41.58,0.0678,0.0025,0.0499,0.2421,4583.332,8.430181523517474,15.030000000000001
247,charter,43.58,0.5391,18.58,18.58,18.58,43.58,0.0678,0.0503,0.2601,0.5391,7083.3317,8.86549965509619,25.0
250,charter,35.58,0.2421,29.61,29.61,6.58,35.58,0.0678,0.0025,0.0499,0.2421,2083.3332,7.641724390062335,5.969999999999999
252,charter,29.58,0.1648,4.58,4.58,4.58,29.58,0.0678,0.0503,0.023,0.1648,1249.9998,7.130898670296334,25.0
255,charter,49.786,0.2421,24.786,24.786,24.786,49.786,0.0678,0.0052,0.1491,0.2421,5416.6667,8.59723590524362,25.0
257,charter,59.618,0.5391,30.618,30.618,30.618,59.618,0.0678,0.0789,0.1643,0.5391,5416.6667,8.59723590524362,29.000000000000004
260,charter,33.29,0.1648,4.29,4.29,4.29,33.29,0.0678,0.0789,0.0971,0.1648,2916.6666,7.978196667826407,29.0
270,charter,32.722,0.0029,7.722,7.722,7.722,32.722,0.0678,0.0503,0.0276,0.0029,2916.6666,7.978196667826407,25.0
272,charter,30.29,0.0029,5.29,5.29,5.29,30.29,0.0678,0.0503,0.0276,0.0029,3749.9999,8.22951109229779,25.0
274,charter,34.29,0.1648,5.29,5.29,5.29,34.29,0.0678,0.0789,0.0971,0.1648,3749.9999,8.22951109229779,29.0
277,charter,36.29,0.0029,7.29,7.29,7.29,36.29,0.0678,0.0789,0.0014,0.0029,5416.6667,8.59723590524362,29.0
279,charter,39.29,1.0266,214.5,214.5,4.29,39.29,0.5333,0.4522,0.2413,1.0266,2916.6666,7.978196667826407,175.21
280,charter,29.29,0.1648,4.29,4.29,4.29,29.29,0.0678,0.0503,0.023,0.1648,2916.6666,7.978196667826407,25.0
281,charter,31.29,0.3087,166.21200000000002,166.21200000000002,7.29,31.29,0.1049,0.0079,0.0613,0.3087,5416.6667,8.59723590524362,134.92200000000003
282,charter,35.29,0.1648,6.29,6.29,6.29,35.29,0.0678,0.0789,0.0971,0.1648,4583.332,8.430181523517474,29.0
284,charter,38.29,0.4216,164.5,164.5,3.29,38.29,0.5333,0.0069,0.0361,0.4216,2083.3332,7.641724390062335,126.21000000000001
285,charter,33.29,0.2421,4.29,4.29,4.29,33.29,0.0678,0.0025,0.0499,0.2421,2916.6666,7.978196667826407,29.0
286,charter,37.29,1.0266,114.5,114.5,2.29,37.29,0.5333,0.4522,0.2413,1.0266,1249.9998,7.130898670296334,77.21000000000001
292,charter,35.87,0.1648,11.45,11.45,6.87,35.87,0.0678,0.0789,0.0971,0.1648,1249.9998,7.130898670296334,24.419999999999998
293,charter,47.87,0.5391,31.45,31.45,18.87,47.87,0.0678,0.0789,0.1643,0.5391,4583.332,8.430181523517474,16.419999999999998
294,charter,58.87,0.5391,33.87,33.87,33.87,58.87,0.0678,0.0503,0.2601,0.5391,8750.001,9.076809093637367,25.0
296,charter,42.29,1.0266,364.5,364.5,7.29,42.29,0.5333,0.4522,0.0051,1.0266,5416.6667,8.59723590524362,322.21
297,charter,41.29,1.0266,314.5,314.5,6.29,41.29,0.5333,0.4522,0.2413,1.0266,4583.332,8.430181523517474,273.21
298,charter,30.29,0.1648,5.29,5.29,5.29,30.29,0.0678,0.0503,0.023,0.1648,3749.9999,8.22951109229779,25.0
300,charter,36.29,0.1648,7.29,7.29,7.29,36.29,0.0678,0.0789,0.0971,0.1648,5416.6667,8.59723590524362,29.0
304,charter,35.58,0.0029,10.58,10.58,10.58,35.58,0.0678,0.0503,0.0276,0.0029,3749.9999,8.22951109229779,25.0
308,charter,37.58,0.2421,38.61,38.61,8.58,37.58,0.0678,0.0025,0.0499,0.2421,2916.6666,7.978196667826407,1.0300000000000011
309,charter,29.29,0.5391,4.29,4.29,4.29,29.29,0.0678,0.0503,0.2601,0.5391,2916.6666,7.978196667826407,25.0
311,charter,27.29,0.0046,75.012,75.012,3.29,27.29,0.1049,0.0451,0.0023,0.0046,2083.3332,7.641724390062335,47.722
314,charter,30.29,0.4671,143.412,143.412,6.29,30.29,0.1049,0.0451,0.1574,0.4671,4583.332,8.430181523517474,113.12200000000001
315,charter,29.29,0.2421,4.29,4.29,4.29,29.29,0.0678,0.0052,0.1491,0.2421,2916.6666,7.978196667826407,25.0
316,charter,35.29,0.5391,6.29,6.29,6.29,35.29,0.0678,0.0789,0.1643,0.5391,4583.332,8.430181523517474,29.0
318,charter,29.29,0.0029,4.29,4.29,4.29,29.29,0.0678,0.0503,0.0276,0.0029,2916.6666,7.978196667826407,25.0
320,charter,32.29,0.0041,26.32,26.32,3.29,32.29,0.0678,0.0789,0.1643,0.0041,2083.3332,7.641724390062335,5.969999999999999
330,charter,32.29,0.1648,26.32,26.32,3.29,32.29,0.0678,0.0789,0.0971,0.1648,2083.3332,7.641724390062335,5.969999999999999
333,charter,45.58,0.2421,74.61,74.61,16.58,45.58,0.0678,0.0025,0.0499,0.2421,6250.0013,8.740336950730425,29.03
335,charter,31.29,0.5391,6.29,6.29,6.29,31.29,0.0678,0.0503,0.2601,0.5391,4583.332,8.430181523517474,25.0
341,charter,31.29,0.0029,6.29,6.29,6.29,31.29,0.0678,0.0503,0.0276,0.0029,4583.332,8.430181523517474,25.0
346,charter,58.32,0.3087,132.132,132.132,34.32,58.32,0.1049,0.0079,0.0613,0.3087,2916.6666,7.978196667826407,73.81200000000001
347,charter,32.29,0.0029,26.32,26.32,3.29,32.29,0.0678,0.0789,0.0014,0.0029,2083.3332,7.641724390062335,5.969999999999999
348,charter,32.29,0.5391,7.29,7.29,7.29,32.29,0.0678,0.0503,0.2601,0.5391,5416.6667,8.59723590524362,25.0
352,charter,46.87,0.1648,21.87,21.87,21.87,46.87,0.0678,0.0503,0.023,0.1648,5416.6667,8.59723590524362,24.999999999999996
354,charter,50.386,0.5391,21.386,21.386,21.386,50.386,0.0678,0.0789,0.1643,0.5391,4583.332,8.430181523517474,29.000000000000004
355,charter,76.45,0.4216,455.95,455.95,41.45,76.45,0.5333,0.0069,0.0361,0.4216,6250.0013,8.740336950730425,379.5
357,charter,260.95,0.0052,119.262,119.262,235.95,260.95,0.2537,0.1498,0.0531,0.0052,2916.6666,7.978196667826407,141.688
360,charter,56.87,0.0041,46.45,46.45,27.87,56.87,0.0678,0.0789,0.1643,0.0041,7083.3317,8.86549965509619,10.419999999999995
366,charter,109.354,0.6456,45.402,45.402,74.354,109.354,0.0678,0.0789,0.0559,0.6456,2083.3332,7.641724390062335,63.952
368,charter,86.75399999999999,0.0209,31.602,31.602,51.754,86.75399999999999,0.0678,0.0789,0.0102,0.0209,1249.9998,7.130898670296334,55.15199999999999
369,charter,66.602,0.4216,106.714,106.714,31.602,66.602,0.5333,0.0069,0.0361,0.4216,1249.9998,7.130898670296334,40.111999999999995
372,charter,189.548,0.0058,393.66,393.66,154.548,189.548,0.5333,0.4522,0.0156,0.0058,5416.6667,8.59723590524362,204.11200000000002
373,charter,104.748,0.4216,177.66,177.66,69.748,104.748,0.5333,0.0069,0.0361,0.4216,2083.3332,7.641724390062335,72.91199999999999
374,charter,51.832,0.2421,26.832,26.832,26.832,51.832,0.0678,0.0052,0.1491,0.2421,416.66668,6.0322865736282365,25.0
375,charter,135.032,0.5391,110.032,110.032,110.032,135.032,0.0678,0.0503,0.2601,0.5391,3749.9999,8.22951109229779,25.000000000000014
378,charter,165.832,1.0266,353.49800000000005,353.49800000000005,130.832,165.832,0.5333,0.4522,0.2413,1.0266,4583.332,8.430181523517474,187.66600000000005
382,charter,162.49,0.1726,90.948,90.948,132.99,162.49,0.0678,0.0052,0.0732,0.1726,2916.6666,7.978196667826407,71.54200000000002
383,charter,61.574,1.0266,65.016,65.016,26.574,61.574,0.5333,0.4522,0.2413,1.0266,416.66668,6.0322865736282365,3.4420000000000073
384,charter,123.374,0.0058,216.216,216.216,88.374,123.374,0.5333,0.4522,0.0156,0.0058,2916.6666,7.978196667826407,92.84200000000001
388,charter,185.174,1.0266,367.416,367.416,150.174,185.174,0.5333,0.4522,0.2413,1.0266,5416.6667,8.59723590524362,182.242
389,charter,253.856,0.2377,170.774,170.774,218.856,253.856,0.0678,0.0025,0.0108,0.2377,6250.0013,8.740336950730425,83.082
390,charter,148.256,0.6456,88.374,88.374,113.256,148.256,0.0678,0.0789,0.0559,0.6456,2916.6666,7.978196667826407,59.882000000000005
394,charter,267.574,1.0266,569.016,569.016,232.574,267.574,0.5333,0.4522,0.2413,1.0266,8750.001,9.076809093637367,301.44199999999995
395,charter,129.386,0.5391,88.374,88.374,100.386,129.386,0.0678,0.0789,0.1643,0.5391,2916.6666,7.978196667826407,41.012
396,charter,164.574,0.3975,317.016,317.016,129.57399999999998,164.574,0.5333,0.4522,0.1665,0.3975,4583.332,8.430181523517474,152.442
397,charter,193.448,2.3014,106.596,106.596,168.44799999999998,193.448,0.2537,0.1498,0.6817,2.3014,2083.3332,7.641724390062335,86.852
398,charter,188.758,0.2421,140.714,140.714,159.75799999999998,188.758,0.0678,0.0025,0.0499,0.2421,3749.9999,8.22951109229779,48.04400000000001
401,charter,173.59799999999998,0.6456,107.916,107.916,138.59799999999998,173.59799999999998,0.0678,0.0789,0.0559,0.6456,3749.9999,8.22951109229779,65.68199999999999
403,charter,114.254,0.4216,266.696,266.696,79.25399999999999,114.254,0.5333,0.0069,0.0361,0.4216,4583.332,8.430181523517474,152.442
407,charter,84.306,0.0046,85.698,85.698,60.306,84.306,0.1049,0.0451,0.0023,0.0046,3749.9999,8.22951109229779,1.391999999999996
408,charter,95.306,0.0058,212.658,212.658,60.306,95.306,0.5333,0.4522,0.0156,0.0058,3749.9999,8.22951109229779,117.35199999999999
409,charter,95.306,0.0058,212.658,212.658,60.306,95.306,0.5333,0.4522,0.0156,0.0058,3749.9999,8.22951109229779,117.35199999999999
410,charter,72.906,0.0046,69.498,69.498,48.906000000000006,72.906,0.1049,0.0451,0.0023,0.0046,2916.6666,7.978196667826407,3.4080000000000013
414,charter,95.306,0.4216,212.658,212.658,60.306,95.306,0.5333,0.0069,0.0361,0.4216,3749.9999,8.22951109229779,117.35199999999999
417,charter,112.274,0.0058,360.126,360.126,77.274,112.274,0.5333,0.4522,0.0156,0.0058,5416.6667,8.59723590524362,247.85199999999998
418,charter,59.874,0.0029,34.874,34.874,34.874,59.874,0.0678,0.0503,0.0276,0.0029,2083.3332,7.641724390062335,25.0
419,charter,91.074,0.0058,261.326,261.326,56.074,91.074,0.5333,0.4522,0.0156,0.0058,3749.9999,8.22951109229779,170.252
420,charter,189.734,0.6456,66.67399999999999,66.67399999999999,154.734,189.734,0.0678,0.0789,0.0559,0.6456,4583.332,8.430181523517474,123.06000000000002
421,charter,106.274,0.1648,77.274,77.274,77.274,106.274,0.0678,0.0789,0.0971,0.1648,5416.6667,8.59723590524362,29.0
422,charter,143.974,1.0266,266.616,266.616,108.974,143.974,0.5333,0.4522,0.2413,1.0266,3749.9999,8.22951109229779,122.642
423,charter,99.35,1.0266,191.334,191.334,64.35,99.35,0.5333,0.4522,0.2413,1.0266,2916.6666,7.978196667826407,91.98400000000001
425,charter,99.35,0.4216,191.334,191.334,64.35,99.35,0.5333,0.0069,0.0361,0.4216,2916.6666,7.978196667826407,91.98400000000001
429,charter,99.35,0.3975,191.334,191.334,64.35,99.35,0.5333,0.4522,0.1665,0.3975,2916.6666,7.978196667826407,91.98400000000001
430,charter,84.35,0.4216,146.734,146.734,49.35,84.35,0.5333,0.0069,0.0361,0.4216,2083.3332,7.641724390062335,62.384000000000015
431,charter,114.35,0.4216,235.93400000000003,235.93400000000003,79.35,114.35,0.5333,0.0069,0.0361,0.4216,3749.9999,8.22951109229779,121.58400000000003
433,charter,73.35,0.3087,67.774,67.774,49.35,73.35,0.1049,0.0079,0.0613,0.3087,2083.3332,7.641724390062335,5.575999999999993
437,charter,129.77,0.3975,322.218,322.218,94.77,129.77,0.5333,0.4522,0.1665,0.3975,5416.6667,8.59723590524362,192.448
439,charter,94.682,1.0266,489.804,489.804,59.682,94.682,0.5333,0.4522,0.2413,1.0266,7916.6663,8.976725474478886,395.12199999999996
440,charter,43.082,0.3087,75.012,75.012,19.082,43.082,0.1049,0.0079,0.0613,0.3087,2083.3332,7.641724390062335,31.93
441,charter,65.682,1.0266,251.804,251.804,30.682,65.682,0.5333,0.4522,0.2413,1.0266,3749.9999,8.22951109229779,186.122
442,charter,61.482,0.5391,36.482,36.482,36.482,61.482,0.0678,0.0503,0.2601,0.5391,4583.332,8.430181523517474,25.0
446,charter,335.314,1.0266,578.048,578.048,300.314,335.314,0.5333,0.4522,0.2413,1.0266,8750.001,9.076809093637367,242.73399999999998
447,charter,138.114,0.4671,138.996,138.996,114.114,138.114,0.1049,0.0451,0.1574,0.4671,2916.6666,7.978196667826407,0.882000000000005
448,charter,77.9,0.4216,197.34,197.34,42.9,77.9,0.5333,0.0069,0.0361,0.4216,2916.6666,7.978196667826407,119.44
450,charter,158.77,0.2421,133.77,133.77,133.77,158.77,0.0678,0.0052,0.1491,0.2421,7916.6663,8.976725474478886,25.0
452,charter,158.77,0.0029,133.77,133.77,133.77,158.77,0.0678,0.0503,0.0276,0.0029,7916.6663,8.976725474478886,25.0
454,charter,58.35,0.3087,47.174,47.174,34.35,58.35,0.1049,0.0079,0.0613,0.3087,1249.9998,7.130898670296334,11.176000000000002
457,charter,208.35,0.3087,253.174,253.174,184.35,208.35,0.1049,0.0079,0.0613,0.3087,9583.3357,9.167781004513879,44.82400000000001
458,charter,89.054,1.0266,181.896,181.896,54.054,89.054,0.5333,0.4522,0.2413,1.0266,2916.6666,7.978196667826407,92.84199999999998
461,charter,107.952,1.0266,373.05,373.05,72.952,107.952,0.5333,0.4522,0.2413,1.0266,6250.0013,8.740336950730425,265.098
464,charter,92.77,0.0046,106.858,106.858,68.77,92.77,0.1049,0.0451,0.0023,0.0046,3749.9999,8.22951109229779,14.088000000000008
468,charter,90.77,1.0266,189.618,189.618,55.77,90.77,0.5333,0.4522,0.2413,1.0266,2916.6666,7.978196667826407,98.848
469,charter,66.77,0.3087,66.458,66.458,42.77,66.77,0.1049,0.0079,0.0613,0.3087,2083.3332,7.641724390062335,0.3119999999999976
471,charter,103.77,0.0058,233.818,233.818,68.77,103.77,0.5333,0.4522,0.0156,0.0058,3749.9999,8.22951109229779,130.048
472,charter,66.77,0.0468,66.458,66.458,42.77,66.77,0.1049,0.0451,0.0238,0.0468,2083.3332,7.641724390062335,0.3119999999999976
473,charter,116.77,0.4216,278.018,278.018,81.77,116.77,0.5333,0.0069,0.0361,0.4216,4583.332,8.430181523517474,161.248
474,charter,80.77,0.2421,55.77,55.77,55.77,80.77,0.0678,0.0052,0.1491,0.2421,2916.6666,7.978196667826407,24.999999999999993
478,charter,38.282,0.5391,13.282,13.282,13.282,38.282,0.0678,0.0503,0.2601,0.5391,1249.9998,7.130898670296334,24.999999999999996
481,charter,38.282,0.1648,13.282,13.282,13.282,38.282,0.0678,0.0503,0.023,0.1648,1249.9998,7.130898670296334,24.999999999999996
482,charter,174.65599999999998,0.6456,108.974,108.974,139.656,174.65599999999998,0.0678,0.0789,0.0559,0.6456,3749.9999,8.22951109229779,65.68199999999997
483,charter,123.374,0.4216,216.216,216.216,88.374,123.374,0.5333,0.0069,0.0361,0.4216,2916.6666,7.978196667826407,92.84200000000001
485,charter,112.374,0.0046,113.256,113.256,88.374,112.374,0.1049,0.0451,0.0023,0.0046,2916.6666,7.978196667826407,0.882000000000005
487,charter,84.35,0.4216,146.734,146.734,49.35,84.35,0.5333,0.0069,0.0361,0.4216,2083.3332,7.641724390062335,62.384000000000015
489,charter,174.35,1.0266,414.334,414.334,139.35,174.35,0.5333,0.4522,0.2413,1.0266,7083.3317,8.86549965509619,239.984
492,charter,79.666,0.5391,41.45399999999999,41.45399999999999,50.666,79.666,0.0678,0.0789,0.1643,0.5391,2083.3332,7.641724390062335,38.212
496,charter,103.254,0.3087,115.736,115.736,79.25399999999999,103.254,0.1049,0.0079,0.0613,0.3087,4583.332,8.430181523517474,12.482
497,charter,95.536,0.6456,41.45399999999999,41.45399999999999,60.536,95.536,0.0678,0.0789,0.0559,0.6456,2083.3332,7.641724390062335,54.08200000000001
498,charter,90.036,0.1726,50.666,50.666,60.536,90.036,0.0678,0.0052,0.0732,0.1726,2083.3332,7.641724390062335,39.370000000000005
499,charter,76.454,0.0058,139.496,139.496,41.45399999999999,76.454,0.5333,0.4522,0.0156,0.0058,2083.3332,7.641724390062335,63.042000000000016
500,charter,139.454,0.4216,351.496,351.496,104.454,139.454,0.5333,0.0069,0.0361,0.4216,6250.0013,8.740336950730425,212.04199999999997
502,charter,89.054,1.0266,181.896,181.896,54.054,89.054,0.5333,0.4522,0.2413,1.0266,2916.6666,7.978196667826407,92.84199999999998
503,charter,64.266,0.2421,28.854,28.854,35.266,64.266,0.0678,0.0025,0.0499,0.2421,1249.9998,7.130898670296334,35.412000000000006
505,charter,51.254,0.0058,54.696000000000005,54.696000000000005,16.254,51.254,0.5333,0.4522,0.0156,0.0058,416.66668,6.0322865736282365,3.4420000000000073
507,charter,127.046,0.0209,56.074,56.074,92.046,127.046,0.0678,0.0789,0.0102,0.0209,3749.9999,8.22951109229779,70.97200000000001
508,charter,101.674,0.0058,260.406,260.406,66.67399999999999,101.674,0.5333,0.4522,0.0156,0.0058,4583.332,8.430181523517474,158.732
509,charter,112.274,0.3975,301.806,301.806,77.274,112.274,0.5333,0.4522,0.1665,0.3975,5416.6667,8.59723590524362,189.53199999999998
511,charter,80.074,0.0468,92.046,92.046,56.074,80.074,0.1049,0.0451,0.0238,0.0468,3749.9999,8.22951109229779,11.972000000000008
513,charter,101.674,0.0058,260.406,260.406,66.67399999999999,101.674,0.5333,0.4522,0.0156,0.0058,4583.332,8.430181523517474,158.732
517,charter,48.674,0.0058,53.406000000000006,53.406000000000006,13.674,48.674,0.5333,0.4522,0.0156,0.0058,416.66668,6.0322865736282365,4.732000000000006
518,charter,202.606,0.0052,74.646,74.646,177.606,202.606,0.2537,0.1498,0.0531,0.0052,2916.6666,7.978196667826407,127.96
520,charter,244.006,2.3014,92.046,92.046,219.006,244.006,0.2537,0.1498,0.6817,2.3014,3749.9999,8.22951109229779,151.95999999999998
524,charter,240.586,0.5391,167.37400000000002,167.37400000000002,211.586,240.586,0.0678,0.0789,0.1643,0.5391,12499.998,9.43348376329038,73.21199999999999
525,charter,69.874,0.4216,136.20600000000002,136.20600000000002,34.874,69.874,0.5333,0.0069,0.0361,0.4216,2083.3332,7.641724390062335,66.33200000000002
526,charter,101.674,1.0266,260.406,260.406,66.67399999999999,101.674,0.5333,0.4522,0.2413,1.0266,4583.332,8.430181523517474,158.732
528,charter,202.606,2.3014,74.646,74.646,177.606,202.606,0.2537,0.1498,0.6817,2.3014,2916.6666,7.978196667826407,127.96
530,charter,122.874,1.0266,343.206,343.206,87.874,122.874,0.5333,0.4522,0.0051,1.0266,6250.0013,8.740336950730425,220.33200000000002
531,charter,91.074,1.0266,219.006,219.006,56.074,91.074,0.5333,0.4522,0.2413,1.0266,3749.9999,8.22951109229779,127.932
533,charter,80.47399999999999,0.0058,177.606,177.606,45.474,80.47399999999999,0.5333,0.4522,0.0156,0.0058,2916.6666,7.978196667826407,97.132
535,charter,67.604,0.0058,151.00799999999998,151.00799999999998,32.604,67.604,0.5333,0.4522,0.0156,0.0058,2916.6666,7.978196667826407,83.40399999999998
536,charter,241.64,0.1648,101.004,101.004,212.64,241.64,0.0678,0.0789,0.0971,0.1648,10416.666,9.251162302496436,140.63599999999997
537,charter,60.004,1.0266,115.808,115.808,25.004,60.004,0.5333,0.4522,0.2413,1.0266,2083.3332,7.641724390062335,55.80400000000001
538,charter,77.734,1.0266,386.464,386.464,42.734,77.734,0.5333,0.4522,0.2413,1.0266,7083.3317,8.86549965509619,308.73
540,charter,43.734,0.0046,72.072,72.072,19.734,43.734,0.1049,0.0451,0.0023,0.0046,2916.6666,7.978196667826407,28.338
541,charter,48.334,0.3087,88.87200000000001,88.87200000000001,24.334,48.334,0.1049,0.0079,0.0613,0.3087,3749.9999,8.22951109229779,40.53800000000001
547,charter,40.496,1.0266,84.272,84.272,5.496,40.496,0.5333,0.4522,0.2413,1.0266,1249.9998,7.130898670296334,43.776
554,charter,43.734,0.0046,72.072,72.072,19.734,43.734,0.1049,0.0451,0.0023,0.0046,2916.6666,7.978196667826407,28.338
555,charter,45.29600000000001,0.0058,157.872,157.872,10.296,45.29600000000001,0.5333,0.4522,0.0156,0.0058,2916.6666,7.978196667826407,112.57600000000001
557,charter,57.29600000000001,0.4216,341.872,341.872,22.296,57.29600000000001,0.5333,0.0069,0.0361,0.4216,7083.3317,8.86549965509619,284.576
558,charter,52.496,0.0058,268.272,268.272,17.496,52.496,0.5333,0.4522,0.0156,0.0058,5416.6667,8.59723590524362,215.77599999999998
559,charter,57.29600000000001,0.3975,341.872,341.872,22.296,57.29600000000001,0.5333,0.4522,0.1665,0.3975,7083.3317,8.86549965509619,284.576
561,charter,47.696000000000005,1.0266,194.672,194.672,12.696,47.696000000000005,0.5333,0.4522,0.0051,1.0266,3749.9999,8.22951109229779,146.976
571,charter,42.896,1.0266,121.072,121.072,7.896,42.896,0.5333,0.4522,0.2413,1.0266,2083.3332,7.641724390062335,78.176
572,charter,42.896,0.3975,121.072,121.072,7.896,42.896,0.5333,0.4522,0.1665,0.3975,2083.3332,7.641724390062335,78.176
577,charter,34.296,0.3087,54.912,54.912,10.296,34.296,0.1049,0.0079,0.0613,0.3087,2916.6666,7.978196667826407,20.616
579,charter,45.534,0.4216,95.264,95.264,10.534,45.534,0.5333,0.0069,0.0361,0.4216,1249.9998,7.130898670296334,49.73
581,charter,42.896,0.4216,121.072,121.072,7.896,42.896,0.5333,0.0069,0.0361,0.4216,2083.3332,7.641724390062335,78.176
582,charter,34.296,0.0046,54.912,54.912,10.296,34.296,0.1049,0.0451,0.0023,0.0046,2916.6666,7.978196667826407,20.616
583,charter,52.496,0.4216,268.272,268.272,17.496,52.496,0.5333,0.0069,0.0361,0.4216,5416.6667,8.59723590524362,215.77599999999998
588,charter,330.07199999999995,0.0052,106.112,106.112,305.072,330.07199999999995,0.2537,0.1498,0.0531,0.0052,6250.0013,8.740336950730425,223.95999999999995
589,charter,45.29600000000001,0.3975,157.872,157.872,10.296,45.29600000000001,0.5333,0.4522,0.1665,0.3975,2916.6666,7.978196667826407,112.57600000000001
594,charter,53.496,0.0046,157.312,157.312,29.496,53.496,0.1049,0.0451,0.0023,0.0046,9583.3357,9.167781004513879,103.816
595,charter,42.896,0.4216,121.072,121.072,7.896,42.896,0.5333,0.0069,0.0361,0.4216,2083.3332,7.641724390062335,78.176
596,charter,50.096,0.4216,231.472,231.472,15.095999999999998,50.096,0.5333,0.0069,0.0361,0.4216,4583.332,8.430181523517474,181.376
599,charter,73.134,1.0266,344.86400000000003,344.86400000000003,38.134,73.134,0.5333,0.4522,0.2413,1.0266,6250.0013,8.740336950730425,271.73
600,charter,59.334,0.0058,220.064,220.064,24.334,59.334,0.5333,0.4522,0.0156,0.0058,3749.9999,8.22951109229779,160.73
601,charter,57.534,0.3087,122.472,122.472,33.534,57.534,0.1049,0.0079,0.0613,0.3087,5416.6667,8.59723590524362,64.93799999999999
602,charter,43.734,0.0046,72.072,72.072,19.734,43.734,0.1049,0.0451,0.0023,0.0046,2916.6666,7.978196667826407,28.338
604,charter,50.13399999999999,0.0058,136.864,136.864,15.134,50.13399999999999,0.5333,0.4522,0.0156,0.0058,2083.3332,7.641724390062335,86.73000000000002
605,charter,50.13399999999999,0.0058,136.864,136.864,15.134,50.13399999999999,0.5333,0.4522,0.0156,0.0058,2083.3332,7.641724390062335,86.73000000000002
607,charter,45.534,0.4216,95.264,95.264,10.534,45.534,0.5333,0.0069,0.0361,0.4216,1249.9998,7.130898670296334,49.73
610,charter,68.53399999999999,1.0266,303.264,303.264,33.534,68.53399999999999,0.5333,0.4522,0.2413,1.0266,5416.6667,8.59723590524362,234.73000000000002
612,charter,43.734,0.3087,72.072,72.072,19.734,43.734,0.1049,0.0079,0.0613,0.3087,2916.6666,7.978196667826407,28.338
615,charter,34.296,0.4671,54.912,54.912,10.296,34.296,0.1049,0.0451,0.1574,0.4671,2916.6666,7.978196667826407,20.616
621,charter,59.334,0.0058,220.064,220.064,24.334,59.334,0.5333,0.4522,0.0156,0.0058,3749.9999,8.22951109229779,160.73
622,charter,54.734,1.0266,178.46400000000003,178.46400000000003,19.734,54.734,0.5333,0.4522,0.2413,1.0266,2916.6666,7.978196667826407,123.73000000000002
625,charter,57.534,0.0468,122.472,122.472,33.534,57.534,0.1049,0.0451,0.0238,0.0468,5416.6667,8.59723590524362,64.93799999999999
633,charter,62.096,0.4216,415.472,415.472,27.096,62.096,0.5333,0.0069,0.0361,0.4216,8750.001,9.076809093637367,353.376
635,charter,59.696000000000005,0.3975,378.672,378.672,24.696,59.696000000000005,0.5333,0.4522,0.1665,0.3975,7916.6663,8.976725474478886,318.976
637,charter,36.696,0.0468,67.712,67.712,12.696,36.696,0.1049,0.0451,0.0238,0.0468,3749.9999,8.22951109229779,31.016000000000005
640,charter,41.496,0.3087,93.312,93.312,17.496,41.496,0.1049,0.0079,0.0613,0.3087,5416.6667,8.59723590524362,51.815999999999995
643,charter,66.896,1.0266,489.072,489.072,31.896,66.896,0.5333,0.4522,0.2413,1.0266,10416.666,9.251162302496436,422.176
646,charter,89.912,1.0905,10.296,10.296,54.912,89.912,0.0678,0.0789,0.0897,1.0905,2916.6666,7.978196667826407,79.61600000000001
648,charter,50.096,0.4216,231.472,231.472,15.095999999999998,50.096,0.5333,0.0069,0.0361,0.4216,4583.332,8.430181523517474,181.376
651,charter,50.096,0.3975,231.472,231.472,15.095999999999998,50.096,0.5333,0.4522,0.1665,0.3975,4583.332,8.430181523517474,181.376
652,charter,42.896,0.4216,121.072,121.072,7.896,42.896,0.5333,0.0069,0.0361,0.4216,2083.3332,7.641724390062335,78.176
661,charter,247.64,0.4216,276.432,276.432,212.64,247.64,0.5333,0.0069,0.0361,0.4216,10416.666,9.251162302496436,28.79200000000003
662,charter,39.37,0.1726,100.016,100.016,9.87,39.37,0.0678,0.0052,0.0732,0.1726,2083.3332,7.641724390062335,60.64600000000001
663,charter,183.64,1.0266,193.232,193.232,148.64,183.64,0.5333,0.4522,0.2413,1.0266,7083.3317,8.86549965509619,9.592000000000013
667,charter,47.87,1.0905,68.64,68.64,12.87,47.87,0.0678,0.0789,0.0897,1.0905,2916.6666,7.978196667826407,20.770000000000003
674,charter,68.87,0.0209,180.64,180.64,33.87,68.87,0.0678,0.0789,0.0102,0.0209,8750.001,9.076809093637367,111.76999999999998
676,charter,53.87,1.0905,100.64,100.64,18.87,53.87,0.0678,0.0789,0.0897,1.0905,4583.332,8.430181523517474,46.77
680,charter,47.87,0.2377,68.64,68.64,12.87,47.87,0.0678,0.0025,0.0108,0.2377,2916.6666,7.978196667826407,20.770000000000003
683,charter,59.87,1.0905,132.64,132.64,24.87,59.87,0.0678,0.0789,0.0897,1.0905,6250.0013,8.740336950730425,72.76999999999998
684,charter,41.87,0.6456,36.64,36.64,6.87,41.87,0.0678,0.0789,0.0559,0.6456,1249.9998,7.130898670296334,5.229999999999997
685,charter,44.87,0.0209,52.64,52.64,9.87,44.87,0.0678,0.0789,0.0102,0.0209,2083.3332,7.641724390062335,7.770000000000003
690,charter,45.37,0.1176,160.816,160.816,15.87,45.37,0.0678,0.0503,0.0016,0.1176,3749.9999,8.22951109229779,115.446
691,charter,65.87,1.0905,164.64,164.64,30.87,65.87,0.0678,0.0789,0.0897,1.0905,7916.6663,8.976725474478886,98.76999999999998
694,charter,197.432,2.3014,24.87,24.87,172.43200000000002,197.432,0.2537,0.1498,0.6817,2.3014,6250.0013,8.740336950730425,172.56199999999998
702,charter,53.87,0.6456,100.64,100.64,18.87,53.87,0.0678,0.0789,0.0559,0.6456,4583.332,8.430181523517474,46.77
712,charter,56.87,0.0209,116.64,116.64,21.87,56.87,0.0678,0.0789,0.0102,0.0209,5416.6667,8.59723590524362,59.77
716,charter,56.87,1.0905,116.64,116.64,21.87,56.87,0.0678,0.0789,0.0897,1.0905,5416.6667,8.59723590524362,59.77
717,charter,50.87,0.2377,84.64,84.64,15.87,50.87,0.0678,0.0025,0.0108,0.2377,3749.9999,8.22951109229779,33.77
718,charter,59.87,1.0905,132.64,132.64,24.87,59.87,0.0678,0.0789,0.0897,1.0905,6250.0013,8.740336950730425,72.76999999999998
719,charter,44.87,0.6456,52.64,52.64,9.87,44.87,0.0678,0.0789,0.0559,0.6456,2083.3332,7.641724390062335,7.770000000000003
721,charter,62.87,0.0209,148.64,148.64,27.87,62.87,0.0678,0.0789,0.0102,0.0209,7083.3317,8.86549965509619,85.76999999999998
723,charter,42.37,0.1176,130.416,130.416,12.87,42.37,0.0678,0.0503,0.0016,0.1176,2916.6666,7.978196667826407,88.04599999999999
727,charter,47.87,0.0209,68.64,68.64,12.87,47.87,0.0678,0.0789,0.0102,0.0209,2916.6666,7.978196667826407,20.770000000000003
732,charter,56.87,1.0905,116.64,116.64,21.87,56.87,0.0678,0.0789,0.0897,1.0905,5416.6667,8.59723590524362,59.77
735,charter,50.87,1.0905,84.64,84.64,15.87,50.87,0.0678,0.0789,0.0897,1.0905,3749.9999,8.22951109229779,33.77
738,charter,72.632,2.3014,6.87,6.87,47.632,72.632,0.2537,0.1498,0.6817,2.3014,1249.9998,7.130898670296334,65.762
739,charter,50.87,1.0905,84.64,84.64,15.87,50.87,0.0678,0.0789,0.0897,1.0905,3749.9999,8.22951109229779,33.77
740,charter,47.87,0.0209,68.64,68.64,12.87,47.87,0.0678,0.0789,0.0102,0.0209,2916.6666,7.978196667826407,20.770000000000003
741,charter,50.87,0.0209,84.64,84.64,15.87,50.87,0.0678,0.0789,0.0102,0.0209,3749.9999,8.22951109229779,33.77
743,charter,45.37,0.1726,160.816,160.816,15.87,45.37,0.0678,0.0052,0.0732,0.1726,3749.9999,8.22951109229779,115.446
750,charter,44.87,0.6456,52.64,52.64,9.87,44.87,0.0678,0.0789,0.0559,0.6456,2083.3332,7.641724390062335,7.770000000000003
753,charter,41.87,0.6456,36.64,36.64,6.87,41.87,0.0678,0.0789,0.0559,0.6456,1249.9998,7.130898670296334,5.229999999999997
758,charter,44.87,0.0209,52.64,52.64,9.87,44.87,0.0678,0.0789,0.0102,0.0209,2083.3332,7.641724390062335,7.770000000000003
761,charter,47.87,0.6456,68.64,68.64,12.87,47.87,0.0678,0.0789,0.0559,0.6456,2916.6666,7.978196667826407,20.770000000000003
762,charter,44.87,0.6456,52.64,52.64,9.87,44.87,0.0678,0.0789,0.0559,0.6456,2083.3332,7.641724390062335,7.770000000000003
765,charter,50.87,1.0905,84.64,84.64,15.87,50.87,0.0678,0.0789,0.0897,1.0905,3749.9999,8.22951109229779,33.77
768,charter,47.87,0.2377,68.64,68.64,12.87,47.87,0.0678,0.0025,0.0108,0.2377,2916.6666,7.978196667826407,20.770000000000003
772,charter,56.87,0.0209,116.64,116.64,21.87,56.87,0.0678,0.0789,0.0102,0.0209,5416.6667,8.59723590524362,59.77
773,charter,50.87,0.6456,84.64,84.64,15.87,50.87,0.0678,0.0789,0.0559,0.6456,3749.9999,8.22951109229779,33.77
776,charter,70.988,0.6288,43.74,43.74,52.488,70.988,0.2537,0.1498,0.2339,0.6288,5416.6667,8.59723590524362,27.247999999999998
777,charter,84.74,0.6456,107.77,107.77,49.74,84.74,0.0678,0.0789,0.0559,0.6456,6250.0013,8.740336950730425,23.03
779,charter,90.74,1.0905,120.77,120.77,55.74,90.74,0.0678,0.0789,0.0897,1.0905,7083.3317,8.86549965509619,30.03
780,charter,78.74,0.2377,94.77,94.77,43.74,78.74,0.0678,0.0025,0.0108,0.2377,5416.6667,8.59723590524362,16.03
781,charter,72.74,0.6456,81.77,81.77,37.74,72.74,0.0678,0.0789,0.0559,0.6456,4583.332,8.430181523517474,9.030000000000001
782,charter,61.24,0.324,134.366,134.366,31.74,61.24,0.0678,0.0503,0.1082,0.324,3749.9999,8.22951109229779,73.126
783,charter,60.74,0.0209,55.77,55.77,25.74,60.74,0.0678,0.0789,0.0102,0.0209,2916.6666,7.978196667826407,4.969999999999999
787,charter,72.74,0.0209,81.77,81.77,37.74,72.74,0.0678,0.0789,0.0102,0.0209,4583.332,8.430181523517474,9.030000000000001
788,charter,84.74,0.6456,107.77,107.77,49.74,84.74,0.0678,0.0789,0.0559,0.6456,6250.0013,8.740336950730425,23.03
789,charter,55.24,0.0289,108.966,108.966,25.74,55.24,0.0678,0.0503,0.0143,0.0289,2916.6666,7.978196667826407,53.72599999999999
792,charter,78.74,0.0209,94.77,94.77,43.74,78.74,0.0678,0.0789,0.0102,0.0209,5416.6667,8.59723590524362,16.03
794,charter,66.74,1.0905,68.77,68.77,31.74,66.74,0.0678,0.0789,0.0897,1.0905,3749.9999,8.22951109229779,2.030000000000001
796,charter,72.74,0.2377,81.77,81.77,37.74,72.74,0.0678,0.0025,0.0108,0.2377,4583.332,8.430181523517474,9.030000000000001
798,charter,84.74,0.6456,107.77,107.77,49.74,84.74,0.0678,0.0789,0.0559,0.6456,6250.0013,8.740336950730425,23.03
803,charter,47.87,0.6456,79.794,79.794,12.87,47.87,0.0678,0.0789,0.0559,0.6456,2916.6666,7.978196667826407,31.924
806,charter,41.87,0.6456,42.594,42.594,6.87,41.87,0.0678,0.0789,0.0559,0.6456,1249.9998,7.130898670296334,0.7240000000000038
808,charter,45.37,0.1726,186.208,186.208,15.87,45.37,0.0678,0.0052,0.0732,0.1726,3749.9999,8.22951109229779,140.838
809,charter,44.87,0.6456,61.194,61.194,9.87,44.87,0.0678,0.0789,0.0559,0.6456,2083.3332,7.641724390062335,16.324000000000005
811,charter,47.87,0.6456,79.794,79.794,12.87,47.87,0.0678,0.0789,0.0559,0.6456,2916.6666,7.978196667826407,31.924
813,charter,47.87,1.0905,79.794,79.794,12.87,47.87,0.0678,0.0789,0.0897,1.0905,2916.6666,7.978196667826407,31.924
820,charter,39.37,0.324,115.808,115.808,9.87,39.37,0.0678,0.0503,0.1082,0.324,2083.3332,7.641724390062335,76.43800000000002
826,charter,59.87,0.6456,154.194,154.194,24.87,59.87,0.0678,0.0789,0.0559,0.6456,6250.0013,8.740336950730425,94.32399999999998
829,charter,56.87,0.0209,135.594,135.594,21.87,56.87,0.0678,0.0789,0.0102,0.0209,5416.6667,8.59723590524362,78.72399999999999
830,charter,53.87,0.0209,116.994,116.994,18.87,53.87,0.0678,0.0789,0.0102,0.0209,4583.332,8.430181523517474,63.124
831,charter,53.87,1.0905,116.994,116.994,18.87,53.87,0.0678,0.0789,0.0897,1.0905,4583.332,8.430181523517474,63.124
833,charter,53.87,0.0209,116.994,116.994,18.87,53.87,0.0678,0.0789,0.0102,0.0209,4583.332,8.430181523517474,63.124
837,charter,36.37,0.324,80.608,80.608,6.87,36.37,0.0678,0.0503,0.1082,0.324,1249.9998,7.130898670296334,44.23800000000001
838,charter,47.87,0.0209,79.794,79.794,12.87,47.87,0.0678,0.0789,0.0102,0.0209,2916.6666,7.978196667826407,31.924
846,charter,56.87,0.0209,135.594,135.594,21.87,56.87,0.0678,0.0789,0.0102,0.0209,5416.6667,8.59723590524362,78.72399999999999
847,charter,56.87,0.6456,135.594,135.594,21.87,56.87,0.0678,0.0789,0.0559,0.6456,5416.6667,8.59723590524362,78.72399999999999
849,charter,47.87,1.0905,79.794,79.794,12.87,47.87,0.0678,0.0789,0.0897,1.0905,2916.6666,7.978196667826407,31.924
851,charter,50.87,0.0209,98.394,98.394,15.87,50.87,0.0678,0.0789,0.0102,0.0209,3749.9999,8.22951109229779,47.52400000000001
853,charter,78.196,2.3014,12.87,12.87,53.196000000000005,78.196,0.2537,0.1498,0.6817,2.3014,2916.6666,7.978196667826407,65.326
858,charter,140.808,0.5391,115.808,115.808,115.808,140.808,0.0678,0.0503,0.2601,0.5391,2083.3332,7.641724390062335,24.999999999999986
862,charter,41.87,0.6456,42.594,42.594,6.87,41.87,0.0678,0.0789,0.0559,0.6456,1249.9998,7.130898670296334,0.7240000000000038
873,charter,146.836,2.3014,175.89,175.89,121.836,146.836,0.2537,0.1498,0.6817,2.3014,2916.6666,7.978196667826407,29.053999999999974
876,charter,164.65599999999998,2.3014,128.018,128.018,139.656,164.65599999999998,0.2537,0.1498,0.6817,2.3014,3749.9999,8.22951109229779,36.63799999999998
877,charter,34.87,0.0052,57.246,57.246,9.87,34.87,0.2537,0.1498,0.0531,0.0052,2083.3332,7.641724390062335,22.376000000000005
879,charter,37.87,2.3014,74.646,74.646,12.87,37.87,0.2537,0.1498,0.6817,2.3014,2916.6666,7.978196667826407,36.776
882,charter,28.87,2.3014,22.446,22.446,3.87,28.87,0.2537,0.1498,0.6817,2.3014,416.66668,6.0322865736282365,6.4239999999999995
887,charter,34.87,2.3014,57.246,57.246,9.87,34.87,0.2537,0.1498,0.6817,2.3014,2083.3332,7.641724390062335,22.376000000000005
888,charter,43.87,0.0052,109.446,109.446,18.87,43.87,0.2537,0.1498,0.0531,0.0052,4583.332,8.430181523517474,65.576
904,charter,37.87,2.3014,74.646,74.646,12.87,37.87,0.2537,0.1498,0.6817,2.3014,2916.6666,7.978196667826407,36.776
907,charter,40.87,2.3014,92.046,92.046,15.87,40.87,0.2537,0.1498,0.6817,2.3014,3749.9999,8.22951109229779,51.17600000000001
911,charter,34.87,2.3014,57.246,57.246,9.87,34.87,0.2537,0.1498,0.6817,2.3014,2083.3332,7.641724390062335,22.376000000000005
912,charter,127.046,0.6456,195.73,195.73,92.046,127.046,0.0678,0.0789,0.0559,0.6456,3749.9999,8.22951109229779,68.68399999999998
920,charter,40.87,2.3014,92.046,92.046,15.87,40.87,0.2537,0.1498,0.6817,2.3014,3749.9999,8.22951109229779,51.17600000000001
931,charter,35.296,2.3014,61.776,61.776,10.296,35.296,0.2537,0.1498,0.6817,2.3014,2916.6666,7.978196667826407,26.480000000000004
935,charter,40.096,2.3014,90.576,90.576,15.095999999999998,40.096,0.2537,0.1498,0.6817,2.3014,4583.332,8.430181523517474,50.48
938,charter,47.29600000000001,0.0052,133.776,133.776,22.296,47.29600000000001,0.2537,0.1498,0.0531,0.0052,7083.3317,8.86549965509619,86.48
947,charter,35.296,2.3014,61.776,61.776,10.296,35.296,0.2537,0.1498,0.6817,2.3014,2916.6666,7.978196667826407,26.480000000000004
949,charter,32.896,2.3014,47.376000000000005,47.376000000000005,7.896,32.896,0.2537,0.1498,0.6817,2.3014,2083.3332,7.641724390062335,14.480000000000004
952,charter,51.598,2.3014,88.374,88.374,26.598000000000003,51.598,0.2537,0.1498,0.6817,2.3014,2916.6666,7.978196667826407,36.775999999999996
954,charter,102.774,0.6456,132.25799999999998,132.25799999999998,67.774,102.774,0.0678,0.0789,0.0559,0.6456,2083.3332,7.641724390062335,29.48399999999998
957,charter,39.198,2.3014,47.174,47.174,14.198,39.198,0.2537,0.1498,0.6817,2.3014,1249.9998,7.130898670296334,7.975999999999999
958,charter,57.798,2.3014,108.974,108.974,32.798,57.798,0.2537,0.1498,0.6817,2.3014,3749.9999,8.22951109229779,51.176
960,charter,51.598,2.3014,88.374,88.374,26.598000000000003,51.598,0.2537,0.1498,0.6817,2.3014,2916.6666,7.978196667826407,36.775999999999996
965,charter,63.998000000000005,0.0052,129.57399999999998,129.57399999999998,38.998000000000005,63.998000000000005,0.2537,0.1498,0.0531,0.0052,4583.332,8.430181523517474,65.57599999999998
967,charter,63.998000000000005,2.3014,129.57399999999998,129.57399999999998,38.998000000000005,63.998000000000005,0.2537,0.1498,0.6817,2.3014,4583.332,8.430181523517474,65.57599999999998
970,charter,63.998000000000005,2.3014,129.57399999999998,129.57399999999998,38.998000000000005,63.998000000000005,0.2537,0.1498,0.6817,2.3014,4583.332,8.430181523517474,65.57599999999998
984,charter,35.296,0.0052,61.776,61.776,10.296,35.296,0.2537,0.1498,0.0531,0.0052,2916.6666,7.978196667826407,26.480000000000004
989,charter,28.096,2.3014,18.576,18.576,3.096,28.096,0.2537,0.1498,0.6817,2.3014,416.66668,6.0322865736282365,9.52
990,charter,30.496,0.0052,32.976,32.976,5.496,30.496,0.2537,0.1498,0.0531,0.0052,1249.9998,7.130898670296334,2.4800000000000004
996,charter,30.496,2.3014,32.976,32.976,5.496,30.496,0.2537,0.1498,0.6817,2.3014,1249.9998,7.130898670296334,2.4800000000000004
1018,charter,56.45,2.3101,49.062,49.062,31.45,56.45,0.2537,0.1498,0.7369,2.3101,4583.332,8.430181523517474,7.388000000000005
1023,charter,131.726,1.0266,16.45,16.45,96.726,131.726,0.5333,0.4522,0.2413,1.0266,2083.3332,7.641724390062335,115.276
1025,charter,76.45,2.3014,80.262,80.262,51.45,76.45,0.2537,0.1498,0.6817,2.3014,7916.6663,8.976725474478886,3.8119999999999976
1028,charter,41.45,2.3014,25.662,25.662,16.45,41.45,0.2537,0.1498,0.6817,2.3014,2083.3332,7.641724390062335,15.788000000000004
1029,charter,51.45,2.3014,41.262,41.262,26.45,51.45,0.2537,0.1498,0.6817,2.3014,3749.9999,8.22951109229779,10.188000000000002
1031,charter,46.45,0.0052,33.462,33.462,21.45,46.45,0.2537,0.1498,0.0531,0.0052,2916.6666,7.978196667826407,12.988
1036,charter,48.376000000000005,0.324,176.748,176.748,18.876,48.376000000000005,0.0678,0.0503,0.1082,0.324,2916.6666,7.978196667826407,128.37199999999999
1037,charter,47.372,0.0052,14.476,14.476,22.372,47.372,0.2537,0.1498,0.0531,0.0052,2083.3332,7.641724390062335,32.896
1041,charter,37.87,2.3014,74.646,74.646,12.87,37.87,0.2537,0.1498,0.6817,2.3014,2916.6666,7.978196667826407,36.776
1043,charter,34.87,2.3101,57.246,57.246,9.87,34.87,0.2537,0.1498,0.7369,2.3101,2083.3332,7.641724390062335,22.376000000000005
1044,charter,40.87,0.0052,92.046,92.046,15.87,40.87,0.2537,0.1498,0.0531,0.0052,3749.9999,8.22951109229779,51.17600000000001
1045,charter,40.096,2.3101,90.576,90.576,15.095999999999998,40.096,0.2537,0.0014,0.7369,2.3101,4583.332,8.430181523517474,50.48
1046,charter,35.296,2.3014,61.776,61.776,10.296,35.296,0.2537,0.1498,0.6817,2.3014,2916.6666,7.978196667826407,26.480000000000004
1050,charter,246.074,0.0029,145.86,145.86,217.074,246.074,0.0678,0.0789,0.0014,0.0029,2916.6666,7.978196667826407,100.214
1052,charter,35.296,2.3014,61.776,61.776,10.296,35.296,0.2537,0.1498,0.6817,2.3014,2916.6666,7.978196667826407,26.480000000000004
1055,charter,42.496,2.3014,104.976,104.976,17.496,42.496,0.2537,0.1498,0.6817,2.3014,5416.6667,8.59723590524362,62.48
1057,charter,37.696,0.0052,76.176,76.176,12.696,37.696,0.2537,0.1498,0.0531,0.0052,3749.9999,8.22951109229779,38.480000000000004
1062,charter,48.688,2.3101,75.012,75.012,23.688,48.688,0.2537,0.0014,0.7369,2.3101,2083.3332,7.641724390062335,26.323999999999998
1065,charter,55.888000000000005,2.3014,97.812,97.812,30.888,55.888000000000005,0.2537,0.1498,0.6817,2.3014,2916.6666,7.978196667826407,41.92399999999999
1068,charter,87.212,1.0905,97.096,97.096,52.212,87.212,0.0678,0.0789,0.0897,1.0905,1249.9998,7.130898670296334,9.884
1069,charter,84.68799999999999,2.3014,189.012,189.012,59.688,84.68799999999999,0.2537,0.1498,0.6817,2.3014,6250.0013,8.740336950730425,104.32400000000001
1070,charter,41.488,2.3014,52.212,52.212,16.488,41.488,0.2537,0.1498,0.6817,2.3014,1249.9998,7.130898670296334,10.724000000000004
1077,charter,30.496,2.3014,32.976,32.976,5.496,30.496,0.2537,0.1498,0.6817,2.3014,1249.9998,7.130898670296334,2.4800000000000004
1078,charter,32.896,0.0052,47.376000000000005,47.376000000000005,7.896,32.896,0.2537,0.1498,0.0531,0.0052,2083.3332,7.641724390062335,14.480000000000004
1082,charter,37.696,2.3014,76.176,76.176,12.696,37.696,0.2537,0.1498,0.6817,2.3014,3749.9999,8.22951109229779,38.480000000000004
1083,charter,35.296,2.3014,61.776,61.776,10.296,35.296,0.2537,0.1498,0.6817,2.3014,2916.6666,7.978196667826407,26.480000000000004
1084,charter,82.376,0.0209,111.86,111.86,47.376000000000005,82.376,0.0678,0.0789,0.0102,0.0209,2083.3332,7.641724390062335,29.483999999999995
1086,charter,37.696,2.3014,76.176,76.176,12.696,37.696,0.2537,0.1498,0.6817,2.3014,3749.9999,8.22951109229779,38.480000000000004
1087,charter,30.496,0.0052,32.976,32.976,5.496,30.496,0.2537,0.1498,0.0531,0.0052,1249.9998,7.130898670296334,2.4800000000000004
1088,charter,35.296,2.3014,61.776,61.776,10.296,35.296,0.2537,0.1498,0.6817,2.3014,2916.6666,7.978196667826407,26.480000000000004
1092,charter,32.896,2.3101,47.376000000000005,47.376000000000005,7.896,32.896,0.2537,0.1498,0.7369,2.3101,2083.3332,7.641724390062335,14.480000000000004
1096,charter,48.688,0.0052,75.012,75.012,23.688,48.688,0.2537,0.1498,0.0531,0.0052,2083.3332,7.641724390062335,26.323999999999998
1097,charter,48.688,2.3014,75.012,75.012,23.688,48.688,0.2537,0.1498,0.6817,2.3014,2083.3332,7.641724390062335,26.323999999999998
1106,charter,28.29,2.3014,37.506,37.506,3.29,28.29,0.2537,0.1498,0.6817,2.3014,2083.3332,7.641724390062335,9.216000000000001
1107,charter,29.29,2.3014,48.906000000000006,48.906000000000006,4.29,29.29,0.2537,0.1498,0.6817,2.3014,2916.6666,7.978196667826407,19.616000000000007
1108,charter,28.29,2.3014,37.506,37.506,3.29,28.29,0.2537,0.1498,0.6817,2.3014,2083.3332,7.641724390062335,9.216000000000001
1109,charter,30.29,2.3014,60.306,60.306,5.29,30.29,0.2537,0.1498,0.6817,2.3014,3749.9999,8.22951109229779,30.016
1111,charter,29.29,2.3014,48.906000000000006,48.906000000000006,4.29,29.29,0.2537,0.1498,0.6817,2.3014,2916.6666,7.978196667826407,19.616000000000007
1112,charter,27.29,2.3014,26.106,26.106,2.29,27.29,0.2537,0.1498,0.6817,2.3014,1249.9998,7.130898670296334,1.1839999999999975
1113,charter,112.606,0.0289,347.004,347.004,83.10600000000001,112.606,0.0678,0.0503,0.0143,0.0289,5416.6667,8.59723590524362,234.39800000000002
1115,charter,29.29,2.3014,48.906000000000006,48.906000000000006,4.29,29.29,0.2537,0.1498,0.6817,2.3014,2916.6666,7.978196667826407,19.616000000000007
1124,charter,30.29,2.3101,60.306,60.306,5.29,30.29,0.2537,0.1498,0.7369,2.3101,3749.9999,8.22951109229779,30.016
1128,charter,30.29,0.0052,60.306,60.306,5.29,30.29,0.2537,0.1498,0.0531,0.0052,3749.9999,8.22951109229779,30.016
1131,charter,29.29,2.3101,48.906000000000006,48.906000000000006,4.29,29.29,0.2537,0.1498,0.7369,2.3101,2916.6666,7.978196667826407,19.616000000000007
1137,charter,29.29,2.3014,48.906000000000006,48.906000000000006,4.29,29.29,0.2537,0.1498,0.6817,2.3014,2916.6666,7.978196667826407,19.616000000000007
1143,charter,29.29,2.3014,48.906000000000006,48.906000000000006,4.29,29.29,0.2537,0.1498,0.6817,2.3014,2916.6666,7.978196667826407,19.616000000000007
1145,charter,40.79,2.3101,180.00599999999997,180.00599999999997,15.79,40.79,0.2537,0.1498,0.7369,2.3101,12499.998,9.43348376329038,139.21599999999998
1146,charter,32.29,2.3014,83.10600000000001,83.10600000000001,7.29,32.29,0.2537,0.1498,0.6817,2.3014,5416.6667,8.59723590524362,50.81600000000001
1147,charter,32.29,2.3014,83.10600000000001,83.10600000000001,7.29,32.29,0.2537,0.1498,0.6817,2.3014,5416.6667,8.59723590524362,50.81600000000001
1149,charter,33.29,2.3014,94.506,94.506,8.29,33.29,0.2537,0.1498,0.6817,2.3014,6250.0013,8.740336950730425,61.216
1156,charter,33.29,2.3014,94.506,94.506,8.29,33.29,0.2537,0.1498,0.6817,2.3014,6250.0013,8.740336950730425,61.216
1161,charter,74.572,2.3014,32.076,32.076,49.572,74.572,0.2537,0.1498,0.6817,2.3014,5416.6667,8.59723590524362,42.496
1165,charter,55.888000000000005,2.3014,97.812,97.812,30.888,55.888000000000005,0.2537,0.1498,0.6817,2.3014,2916.6666,7.978196667826407,41.92399999999999
1168,charter,132.812,1.0905,181.896,181.896,97.812,132.812,0.0678,0.0789,0.0897,1.0905,2916.6666,7.978196667826407,49.083999999999975
1172,charter,63.902,0.0219,45.402,45.402,45.402,63.902,0.2537,0.1498,0.0233,0.0219,2083.3332,7.641724390062335,18.5
1175,charter,149.40200000000002,0.0209,121.034,121.034,114.402,149.40200000000002,0.0678,0.0789,0.0102,0.0209,6250.0013,8.740336950730425,28.36800000000001
